<?xml version="1.0" encoding="UTF-8"?>
<!-- 
<!DOCTYPE beans PUBLIC "-//SPRING//DTD BEAN 2.0//EN" "http://www.springframework.org/dtd/spring-beans-2.0.dtd">
 -->
<!--  
<beans>
 -->
<beans xmlns="http://www.springframework.org/schema/beans" xmlns:xsi="http://www.w3.org/2001/XMLSchema-instance"
  xmlns:p="http://www.springframework.org/schema/p" xmlns:context="http://www.springframework.org/schema/context"
  xmlns:mvc="http://www.springframework.org/schema/mvc" 
  xsi:schemaLocation="
    http://www.springframework.org/schema/beans http://www.springframework.org/schema/beans/spring-beans-4.1.xsd
    http://www.springframework.org/schema/context http://www.springframework.org/schema/context/spring-context-4.1.xsd
    http://www.springframework.org/schema/mvc http://www.springframework.org/schema/mvc/spring-mvc-4.1.xsd">
	<!-- The one and only FAQService -->
	<mvc:resources mapping="/resources/**" location="/resources/" /> 
	<context:component-scan base-package="th.ac.kmutt.chart" />
	 
   <!--  
	<bean id="downloadsService" class="th.ac.kmutt.research.service.impl.DownloadsServiceImpl">
	 
	</bean>
	-->
	<!--
		enable access to externalized properties via
		PropertyPlaceholderConfigurer
	-->
	<bean
		class="org.springframework.beans.factory.config.PropertyPlaceholderConfigurer">
		<property name="location" value="WEB-INF/chart.properties" />
	</bean>

 <bean id="messageSource"
		class="org.springframework.context.support.ResourceBundleMessageSource">
		<property name="basenames">
			<list>
				<value>messages</value>
			</list>
		</property>
		<property name="defaultEncoding" value="UTF-8" />
	</bean>
	<!-- Default View Resolver -->
	<!-- -->
	<bean id="viewResolver"
		class="org.springframework.web.servlet.view.InternalResourceViewResolver">
		<property name="viewClass"
			value="org.springframework.web.servlet.view.JstlView" />
		<property name="prefix" value="/WEB-INF/jsp/" />
		<property name="suffix" value=".jsp" />
	</bean>
	 

	<!-- Default ExceptionHandler -->
	<bean id="defaultExceptionHandler"
		class="org.springframework.web.portlet.handler.SimpleMappingExceptionResolver">
		<property name="order" value="10" />
		<property name="defaultErrorView" value="error" />
		<property name="exceptionMappings">
			<props>
				<prop key="javax.portlet.PortletSecurityException">unauthorized</prop>
				<prop key="javax.portlet.UnavailableException">unavailable</prop>
			</props>
		</property>
	</bean>

</beans>
