<?xml version="1.0" encoding="UTF-8"?>
<beans xmlns="http://www.springframework.org/schema/beans" xmlns:xsi="http://www.w3.org/2001/XMLSchema-instance"
       xmlns:p="http://www.springframework.org/schema/p" xmlns:context="http://www.springframework.org/schema/context"
       xsi:schemaLocation="
    http://www.springframework.org/schema/beans http://www.springframework.org/schema/beans/spring-beans-4.1.xsd
    http://www.springframework.org/schema/context http://www.springframework.org/schema/context/spring-context-4.1.xsd">
    <context:annotation-config/>
    <bean id="portletMultipartResolver" class="org.springframework.web.portlet.multipart.CommonsPortletMultipartResolver">
        <property name="maxUploadSize">
            <value>104857600</value>
        </property>
    </bean>

    <bean id="customExceptionHandler" class="org.springframework.web.portlet.handler.SimpleMappingExceptionResolver">
        <property name="order" value="1"/>
        <property name="exceptionMappings">
            <props>
                <prop key="org.springframework.web.multipart.MaxUploadSizeExceededException">maxUploadExceeded</prop>
                <prop key="th.ac.kmutt.chart.invalid.InvalidFileTypeException">invalidFileType</prop>
            </props>
        </property>
    </bean>
    <bean id="portletModeHandlerMapping"
          class="org.springframework.web.portlet.handler.PortletModeHandlerMapping">
        <property name="portletModeMap">
            <map>
                <entry key="view">
                    <ref bean="filterController" />
                </entry>
                <entry key="edit">
                    <ref bean="filterSettingController" />
                </entry>
            </map>
        </property>
    </bean>
    <!--
    <bean id="portletModeHandlerMapping" class="org.springframework.web.portlet.handler.PortletModeHandlerMapping">
                <property name="portletModeMap">
                        <map>
                                <entry key="view"><ref bean="viewHandler"/></entry>
                                <entry key="edit"><ref bean="editHandler"/></entry>
                                <entry key="help"><ref bean="helpHandler"/></entry>
                        </map>
                </property>
        </bean>
  -->
</beans>
