<?xml version="1.0"?>
<!DOCTYPE liferay-portlet-app PUBLIC "-//Liferay//DTD Portlet Application 6.2.0//EN" "http://www.liferay.com/dtd/liferay-portlet-app_6_2_0.dtd">

<liferay-portlet-app>
	<portlet>
		<portlet-name>Chart Common</portlet-name>
		<instanceable>true</instanceable>
	</portlet>
	<portlet>
		<portlet-name>Filter Chart</portlet-name>
		<instanceable>true</instanceable>
	</portlet>
	<role-mapper>
		<role-name>administrator</role-name>
		<role-link>Administrator</role-link>
	</role-mapper>
	<role-mapper>
		<role-name>guest</role-name>
		<role-link>Guest</role-link>
	</role-mapper>
	<role-mapper>
		<role-name>power-user</role-name>
		<role-link>Power User</role-link>
	</role-mapper>
	<role-mapper>
		<role-name>user</role-name>
		<role-link>User</role-link>
	</role-mapper>
	<!--
	<role-mapper>
		<role-name>kmutt-user</role-name>
		<role-link>KMUTT USER</role-link>
	</role-mapper>
	<role-mapper>
		<role-name>dataentry</role-name>
		<role-link>Data Entry</role-link>
	</role-mapper>
	-->
</liferay-portlet-app>