<?xml version="1.0" encoding="UTF-8"?>
 <!DOCTYPE display PUBLIC "-//Liferay//DTD Display 6.2.0//EN" "http://www.liferay.com/dtd/liferay-display_6_2_0.dtd">

<display>
	<!--
	<category name="Master Data">
		<portlet id="Funding Resource"></portlet>
		<portlet id="Researcher"></portlet> 
		<portlet id="Research Group"></portlet>
		<portlet id="Position"></portlet>
		<portlet id="Country"></portlet>
		<portlet id="JournalPapers Type"></portlet>
		<portlet id="Funding Resource Type"></portlet>
		<portlet id="Published Level"></portlet>
		<portlet id="Published Type"></portlet>
		<portlet id="Work Type"></portlet> 
		<portlet id="Utilization Type"></portlet>
		<portlet id="Organization"></portlet>
		<portlet id="Organization Ext"></portlet>
	</category>
	 <category name="Research Project"> 
	 	<portlet id="Research Project"></portlet> 
	 	<portlet id="Journal Papers Journal"></portlet> 
	 	<portlet id="Journal Papers Conference"></portlet> 
	 	<portlet id="Utilization"></portlet> 
	 	<portlet id="Copyright"></portlet>
	 	<portlet id="Patent"></portlet>
	 	<portlet id="Reward"></portlet> 
	 </category>
	 -->
	<category name="Charts &amp; Filters">
		<portlet id="Filter Chart"></portlet>
		<portlet id="Chart Common"></portlet>
	</category>

	 <!-- 
	 <category name="Download Docs"> 
	 	<portlet id="Download Form"></portlet> 
	 </category>
	  -->  
</display>